Index,Target
2406,AAP </s>
961,Jamaat </s>
3332,Bihari </s>
2352,Guttajwala </s>
3525,Muslims </s>
4032,China </s>
2810,Farmers </s>
2043,Tablighi Jamaat </s>
1771,ZeeNews </s>
3107,Muslims </s>
4226,China </s>
872,Tablighi Jamaat </s>
1171,Tablighi Jamaat </s>
1188,Maulana Saad </s>
180,Tablighi Jamaat </s>
2723,Farmers </s>
1879,Owaisi </s>
2005,Tablighi Jamaat </s>
1965,Tablighi Jamaat </s>
458,Tablighi Jamaat </s>
882,Tablighi Jamaat </s>
1190,Tablighi Jamaat </s>
1427,Muslims </s>
1514,Tablighi Jamaat </s>
946,Tablighi Jamaat </s>
1617,Rahul Gandhi </s>
4320,China </s>
1666,Opposition </s>
3899,China </s>
4510,Islam </s>
4259,World </s>
2690,Farmers </s>
4184,China </s>
3436,Hindus </s>
30,China </s>
4329,China </s>
200,Tablighi Jamaat </s>
3537,Government </s>
3090,Muslims </s>
2017,Tablighi Jamaat </s>
2283,Kajri Lal </s>
1118,Kejriwal </s>
3894,China </s>
2728,Farmers </s>
1129,Tablighi Jamaat </s>
3618,China </s>
2111,Anjana Omkashyap </s>
1619,Tablighi Jamaat </s>
1566,Jamaatis </s>
2315,Media </s>
1784,Tablighi Jamaat </s>
622,"Immigrants, Tablighi Jamaat </s>"
4527,Religion </s>
4511,Nazis </s>
3743,China </s>
4106,China </s>
3960,China </s>
4249,CCP </s>
863,Media </s>
2776,Farmers </s>
3534,Islamists </s>
2424,Modi </s>
4288,China </s>
3096,Love Jihad </s>
2098,Tablighi Jamaat </s>
4349,China </s>
4231,China </s>
1293,Tablighi Jamaat </s>
2660,Muslims </s>
416,Tablighi Jamaat </s>
2834,Ajit Anjum </s>
158,Markaz </s>
2484,Farmers </s>
3047,Modi </s>
1421,Tablighi Jamaat </s>
3371,Muslims </s>
3454,Muslims </s>
2390,Pakistan </s>
3215,Modi </s>
1958,Tablighi Jamaat </s>
4406,China </s>
152,ZeeNews </s>
2818,Tikait </s>
599,Sambit Patra </s>
1162,Muslims </s>
1256,Tablighi Jamaat </s>
2064,Tablighi Jamaat </s>
1788,Sardana </s>
978,Tablighi Jamaat </s>
3815,China </s>
1821,DChaurasia2312 </s>
4367,China </s>
1613,Tablighi Jamaat </s>
2650,Rohingyas </s>
253,Missionaries </s>
415,Tablighi Jamaat </s>
585,Tablighi Jamaat </s>
656,Tablighi Jamaat </s>
2306,Modi </s>
832,Congregation </s>
1165,Tablighi Jamaat </s>
4097,China </s>
2237,Tablighi Jamaat </s>
1147,Devotees </s>
9,China </s>
2722,Farmers </s>
24,China </s>
1269,Tablighi Jamaat </s>
752,RSS </s>
2241,Tablighi Jamaat </s>
2168,Tablighi Jamaat </s>
2379,Tablighi Jamaat </s>
351,Tablighi Jamaat </s>
2969,Shahrukh Khan </s>
2911,Modi </s>
1922,Kejriwal </s>
1695,Tablighi Jamaat </s>
34,China </s>
651,Sambit Patra </s>
3631,Slopes </s>
1747,Media </s>
531,Tablighi Jamaat </s>
1908,INCIndia </s>
1616,Rubika Liyaquat </s>
4221,China </s>
3704,China </s>
3876,Western comedy politicians </s>
2074,Tablighi Jamaat </s>
417,Tablighi Jamaat </s>
1506,Tablighi Jamaat </s>
3320,Tejaswi Yadav </s>
4102,CCP </s>
2120,Jamaat </s>
2790,Modi </s>
3329,Biharis </s>
1504,Tablighi Jamaat </s>
4299,China </s>
1025,Devotees </s>
2347,Tablighi Jamaat </s>
292,Tablighi Jamaat </s>
4459,Hadis </s>
3416,Muslims </s>
3913,Xi </s>
997,Community </s>
3128,Muslims </s>
2303,Rubika Liyaquat </s>
626,Tablighi Jamaat </s>
1554,Tablighi Jamaat </s>
4094,China </s>
1289,Tablighi Jamaat </s>
3660,China </s>
1570,Tablighi Jamaat </s>
3577,Muslims </s>
1158,Group </s>
2601,Hindus </s>
1913,Tablighi Jamaat </s>
239,Jamaat </s>
2963,Bollywood </s>
297,Jains </s>
110,China </s>
2322,Maulana Saad </s>
4294,China </s>
1043,Tablighi Jamaat </s>
4450,Election Commission </s>
2919,Farmers </s>
298,Arvind </s>
2992,Bollywood </s>
830,Tablighi Jamaat </s>
2116,Kejriwal </s>
52,China </s>
4447,Politicians </s>
4528,Muslims </s>
1704,"Rahul, Owaisi </s>"
3933,China </s>
1407,Tablighi Jamaat </s>
2355,Muslims </s>
1919,Tablighi Jamaat </s>
27,China </s>
777,Media </s>
916,TV channels </s>
3919,China </s>
2624,Muslims </s>
3410,Hindus </s>
1794,Tablighi Jamaat </s>
1455,Tablighi Jamaat </s>
1741,Media </s>
1968,Muslims </s>
562,Media </s>
133,Tablighi Jamaat </s>
556,Tablighi Jamaat </s>
3668,China </s>
3432,"Dhruv Rathee, Muhammad Zubair </s>"
534,Tablighi Jamaat </s>
3488,Muslims </s>
121,Tablighi Jamaat </s>
970,Tablighi Jamaat </s>
3829,India </s>
1627,Congress </s>
1213,Jamaat </s>
3112,Hindus </s>
3170,Public </s>
3174,Bugs </s>
839,BabitaPhogat </s>
2570,Hindus </s>
135,Congregation </s>
4142,China </s>
1603,Tablighi Jamaat </s>
2629,Modi </s>
3745,China </s>
3226,Media </s>
2402,Government </s>
3014,Adani </s>
669,Muslims </s>
18,Deepak Srivastav </s>
4042,China </s>
316,Tablighi Jamaat </s>
1130,Media </s>
3910,China </s>
2858,Farmers </s>
1624,Tablighi Jamaat </s>
4363,China </s>
299,Gobar </s>
123,People </s>
241,Tablighi Jamaat </s>
1607,Tablighi Jamaat </s>
466,Tablighi Jamaat </s>
2965,Bollywood </s>
3718,China </s>
678,Tablighi Jamaat </s>
3715,China </s>
2526,Farmers </s>
965,Media </s>
3833,China </s>
464,Tablighi Jamaat </s>
880,UP government </s>
1706,Hindus </s>
2453,Government </s>
472,Groups </s>
275,"RSS, VHP </s>"
3798,Wuhan </s>
4178,China </s>
2313,Maulanas </s>
2192,Tablighi Jamaat </s>
1414,Tablighi Jamaat </s>
2621,BJP </s>
3814,CCP </s>
1062,Tablighi Jamaat </s>
3826,"Rothschilds, Bloomberg </s>"
3883,China </s>
2874,Farmers </s>
4217,CCP </s>
894,Tablighi Jamaat </s>
4285,Chinese </s>
3734,Anti-CCP </s>
2086,Tablighi Jamaat </s>
1587,Tablighi Jamaat </s>
1322,Tablighi Jamaat </s>
1208,Kejriwal </s>
2187,Tablighi Jamaat </s>
3536,Indian Muslims </s>
2909,Farmers </s>
834,Media </s>
94,China </s>
3027,America </s>
1057,Modi </s>
3110,Muslims </s>
3995,CCP </s>
3617,Steven Colbert </s>
4025,CCP </s>
1363,People </s>
806,Tablighi Jamaat </s>
1052,Tablighi Jamaat </s>
3629,China </s>
498,Tablighi Jamaat </s>
1673,Media </s>
1671,Tablighi Jamaat </s>
2102,Government </s>
2669,Farmers </s>
3460,Islam </s>
790,Tablighi Jamaat </s>
694,Zee Center </s>
2628,Hindus </s>
3508,Non-Muslims </s>
2416,China </s>
4220,China </s>
1182,Government </s>
1341,Tablighi Jamaat </s>
2251,"Tablighi Jamaat, Congress, Mamata Banerjee, Kejriwal </s>"
178,Tablighi Jamaat </s>
908,Government </s>
4396,China </s>
145,Tablighi Jamaat </s>
3138,Muslims </s>
176,Community </s>
2451,Muslims </s>
288,Gatherers </s>
3376,Muslims </s>
46,Modi </s>
2285,Religion </s>
3725,China </s>
1615,Government </s>
3632,China </s>
4154,China </s>
1258,Tablighi Jamaat </s>
3309,Tamil Nadu </s>
3228,Journalists </s>
3965,China </s>
2560,Muslims </s>
788,Tablighi Jamaat </s>
4039,China </s>
1058,Tablighi Jamaat </s>
3200,Police </s>
803,Tablighi Jamaat </s>
150,Group </s>
1236,Jamaat </s>
890,Tablighi Jamaat </s>
3063,Adani </s>
2518,Khalistan </s>
3419,Islam </s>
1484,Muslims </s>
487,Tablighi Jamaat </s>
2664,LKFC </s>
2590,Congress </s>
1418,Tablighi Jamaat </s>
2506,Protesters </s>
1335,Tablighi Jamaat </s>
3729,China </s>
2214,Tablighi Jamaat </s>
2489,Farmers </s>
1676,Tablighi Jamaat </s>
4433,Suar </s>
4038,China </s>
323,Tablighi Jamaat </s>
1468,Government </s>
309,Tablighi Jamaat </s>
1533,Tablighi Jamaat </s>
4029,CCP </s>
2023,Muslims </s>
439,Tablighi Jamaat </s>
3782,China </s>
20,China </s>
1783,Madrasis </s>
1808,Z News </s>
3868,China </s>
4157,"Leftists, CCP, Demonrats, Media </s>"
2716,Farmers </s>
2978,Pathaan </s>
1963,Tablighi Jamaat </s>
1596,Tablighi Jamaat </s>
3501,Islam </s>
1314,Tablighi Jamaat </s>
1176,China </s>
3434,Muslims </s>
291,Tablighi Jamaat </s>
2474,Kangana </s>
3236,Quint </s>
844,Tablighi Jamaat </s>
71,China </s>
444,Tablighi Jamaat </s>
4475,Muslims </s>
1498,Tablighi Jamaat </s>
3186,China </s>
506,Tablighi Jamaat </s>
3581,Christians </s>
3758,China </s>
2469,Shaheen Bagh </s>
3615,China </s>
4486,Immigrants </s>
3132,Women </s>
4088,China </s>
3656,China </s>
62,China </s>
2338,Muslims </s>
3015,Adani </s>
2124,Tablighi Jamaat </s>
4251,China </s>
319,Gathering </s>
2340,Tablighi Jamaat </s>
3981,China </s>
2795,Farmers </s>
3154,People </s>
799,Tablighi Jamaat </s>
479,Individual </s>
3604,CCP </s>
2814,Farmers </s>
215,Tablighi </s>
813,Sindh Government </s>
4186,CCP </s>
808,Tablighi Jamaat </s>
3492,Hindus </s>
469,Tablighi Jamaat </s>
4205,China </s>
545,Tablighi Jamaat </s>
1516,Tablighi Jamaat </s>
197,Tablighi Jamaat </s>
4011,China </s>
1042,Tablighi Jamaat </s>
719,Society </s>
722,Tablighi </s>
3797,China </s>
1742,Drinkers </s>
3248,Hindus </s>
4290,China </s>
1181,Tablighi Jamaat </s>
4315,China </s>
1445,Tablighi Jamaat </s>
1104,Tablighi Jamaat </s>
3520,Hindus </s>
97,BJP </s>
1645,Muslims </s>
2399,Tablighi Jamaat </s>
140,Congregation </s>
2687,Farmers </s>
2995,Bollywood </s>
1534,Rahul Gandhi </s>
1499,Tablighi Jamaat </s>
4374,China </s>
843,News channels </s>
1906,Media </s>
812,Corona </s>
430,Tablighi Jamaat </s>
4462,Media </s>
1398,Media </s>
1011,Media </s>
539,Jamaat </s>
4158,China </s>
1075,Media </s>
1492,Tablighi Jamaat </s>
2019,Tablighi Jamaat </s>
3269,Tamil Nadu </s>
2521,Farmers </s>
3083,Longman </s>
1722,Jamaat </s>
2212,Tablighi Jamaat </s>
2388,Tablighi Jamaat </s>
151,Tablighi Jamaat </s>
1379,Media </s>
2228,Tablighi Jamaat </s>
3663,China </s>
1449,Zee News </s>
2567,Cultural Indian </s>
1091,Tablighi Jamaat </s>
3998,America </s>
204,Tablighi Jamaat </s>
1193,Community </s>
4467,Astrologers </s>
1109,PDA </s>
240,Tablighi Jamaat </s>
3497,Hindus </s>
3130,Muslims </s>
2060,Modi </s>
3568,Peace </s>
3443,Mamta Ban*nerjee </s>
2631,Hindus </s>
1508,Arvind Kejriwal </s>
3167,Hindus </s>
3832,CCP </s>
377,Tablighi Jamaat </s>
4409,China </s>
2751,Farmers </s>
2026,BJP </s>
3350,Bihar police </s>
2760,Rahul Gandhi </s>
388,Tablighi Jamaat </s>
1116,Tablighi Jamaat </s>
1511,Media </s>
535,Tablighi Jamaat </s>
3996,CCP </s>
1535,"Modi, Trump </s>"
3723,China </s>
3426,Bangladesh </s>
2158,BabitaPhogat </s>
372,Kejriwal </s>
1899,Tablighi Jamaat </s>
870,Tablighi Jamaat </s>
2015,Jamaat </s>
3049,Adani </s>
979,Rubika </s>
2216,Jamaat </s>
684,BJP </s>
3630,China </s>
938,Tablighi Jamaat </s>
3021,Adani </s>
2808,Farmers </s>
4407,China </s>
3001,Movies </s>
2685,Kejriwal </s>
192,Congregation </s>
2593,"AmitShah, NarendraModi </s>"
1573,Tablighi Jamaat </s>
1323,Airport </s>
597,Tablighi Jamaat </s>
1393,Tablighi Jamaat </s>
1628,Tablighi Jamaat </s>
3339,South Indians </s>
1635,Jamaat </s>
735,Muslims </s>
692,Tablighi Jamaat </s>
4325,China </s>
4304,China </s>
1422,Jamaat </s>
70,China </s>
1612,Tablighi Jamaat </s>
1271,Tablighi Jamaat </s>
1435,Tablighi Jamaat </s>
1229,Tablighi Jamaat </s>
3201,BJP </s>
4428,ECI </s>
3748,China </s>
2534,Punjabi singers </s>
1294,"BJP, Media </s>"
3004,Pathaan </s>
167,"Caste, Religion, Community </s>"
878,Tablighi Jamaat </s>
1362,Tablighi Jamaat </s>
2943,Farmers </s>
2516,Protesters </s>
2260,Muslims </s>
96,China </s>
2972,Pathaan </s>
3589,China </s>
3566,Muslims </s>
765,Tablighi Jamaat </s>
81,China </s>
1787,Government </s>
3278,Government </s>
153,Group </s>
2500,Farmers </s>
3533,Bangladesh </s>
2700,Farmers </s>
1881,Khujliwal </s>
2461,Women </s>
2365,Tablighi Jamaat </s>
4078,CCP </s>
1254,Muslims </s>
3545,Muslims </s>
1692,Tablighi Jamaat </s>
1303,Delhi </s>
2665,Zoo_bear </s>
310,Muslims </s>
2857,Anupam Kher </s>
2705,Farmers </s>
3397,Muslims </s>
4381,China </s>
3072,Hindenburg Research </s>
3728,China </s>
2156,Tablighi Jamaat </s>
1352,Group </s>
185,Jamaat </s>
206,Tablighi Jamaat </s>
411,Tablighi Jamaat </s>
595,Tablighi Jamaat </s>
2219,Tablighi Jamaat </s>
3059,Hindenburg </s>
306,Tablighi Jamaat </s>
3867,China </s>
169,Gathering </s>
4228,Schwab </s>
1127,Namaste Trump </s>
3548,Bengali Muslims </s>
2253,Media </s>
2067,Tablighi Jamaat </s>
4454,CAA </s>
212,Tablighi Jamaat </s>
2673,Delhi Police </s>
85,United States </s>
1715,Muslims </s>
706,Tablighi Jamaat </s>
2888,Farmers </s>
3655,In-laws </s>
1175,Tablighi Jamaat </s>
4337,PLA </s>
1850,Media </s>
1778,Tablighi Jamaat </s>
3590,China </s>
181,Tablighi Jamaat </s>
811,Tablighi Jamaat </s>
433,Tablighi Jamaat </s>
290,Tablighi Jamaat </s>
3610,China </s>
4109,Muslims </s>
1438,Tablighi Jamaat </s>
1163,"Sanjay Azad, Akhilesh Yadav </s>"
189,Tablighi Jamaat </s>
4045,China </s>
2300,Tablighi Jamaat </s>
280,Tablighi Jamaat </s>
367,Tablighi Jamaat </s>
671,Tablighi Jamaat </s>
271,Tablighi Jamaat </s>
3358,Rahul Gandhi </s>
2296,Kejriwal </s>
1428,Tablighi Jamaat </s>
747,Tablighi Jamaat </s>
1989,Tablighi Jamaat </s>
1120,Tablighi Jamaat </s>
368,Tablighi Jamaat </s>
2433,Jamaat </s>
221,Maulana </s>
1316,Modi </s>
4281,China </s>
2772,Journalists </s>
3979,China </s>
462,Jamaat </s>
1946,Muslims </s>
552,Tablighi Jamaat </s>
627,Media </s>
643,Muslims </s>
3356,RRR </s>
897,Tablighi Jamaat </s>
2261,Media </s>
403,Tablighi Jamaat </s>
2522,Farmers </s>
2741,Farmers </s>
4321,China </s>
2656,Muslims </s>
4141,China </s>
2496,Congress </s>
3921,China </s>
3338,"South, Sikhs </s>"
193,Fat person </s>
4345,China </s>
3649,CCP </s>
315,Amit Shah </s>
2234,Jamaat </s>
2203,Government </s>
2448,Tablighi Jamaat </s>
4519,Muslims </s>
114,China </s>
2405,Zee News </s>
2226,Government </s>
4041,China </s>
3559,Islam </s>
3780,CCP </s>
2678,Protest </s>
3934,China </s>
1184,Muslims </s>
3722,China </s>
1273,Tablighi Jamaat </s>
4530,Islam </s>
2926,Farmers </s>
2497,Farmers </s>
1739,Humans </s>
1403,BJP </s>
3037,Hindenburg </s>
2012,Tablighi Jamaat </s>
2779,Farmers </s>
1551,Zee News </s>
4398,China </s>
2663,Je786adis </s>
2789,Zee News </s>
4341,China </s>
3051,Adani </s>
2993,SRK </s>
451,Tablighi Jamaat </s>
4193,CCP </s>
4258,Unknown </s>
1789,Tablighi Jamaat </s>
603,Jamaat </s>
2811,Farmers </s>
3108,Muslims </s>
2635,Shahrukh Khan </s>
3828,CCP </s>
3999,CCP </s>
255,Tablighi Jamaat </s>
3561,Muslims </s>
512,Tablighi Jamaat </s>
1164,Tablighi Jamaat </s>
3586,Individual </s>
74,Tablighi Jamaat </s>
1076,Muslims </s>
1021,Tablighi Jamaat </s>
4243,China </s>
2485,Farmers </s>
732,Tablighi Jamaat </s>
600,Tablighi Jamaat </s>
760,Tablighi Jamaat </s>
3139,Non-Muslims </s>
4354,China </s>
3777,China </s>
427,Tablighi Jamaat </s>
4508,Muslims </s>
495,Media </s>
352,Akshardham </s>
2586,Terrorists </s>
1648,Tablighi Jamaat </s>
791,Modi </s>
4303,China </s>
4175,China </s>
1589,Tablighi Jamaat </s>
4183,China </s>
1222,Tablighi Jamaat </s>
3708,China </s>
1174,AAP </s>
2576,Hindus </s>
4313,China </s>
3961,China </s>
2093,Media </s>
3838,CCP </s>
857,America </s>
1481,Tablighi Jamaat </s>
3275,Tamil Nadu </s>
1103,Tablighi Jamaat </s>
3641,CCP </s>
1658,People </s>
357,Amit Shah </s>
1868,Media </s>
3193,LKFC </s>
2099,Tablighi Jamaat </s>
3464,Muslims </s>
860,Certain groups </s>
2385,Jamaat </s>
1259,Tablighi Jamaat </s>
2944,Media </s>
3606,China </s>
3694,China </s>
681,Tablighi Jamaat </s>
3736,China </s>
4188,China </s>
1026,Tablighi Jamaat </s>
1552,Tablighi Jamaat </s>
3850,CCP </s>
333,Zee News </s>
801,Tablighi Jamaat </s>
721,Zeenews </s>
1746,Media </s>
2466,Arvind Kejriwal </s>
3453,Religion </s>
3026,Adani </s>
2880,Farmers </s>
3982,China </s>
1375,Tablighi Jamaat </s>
4498,Hindus </s>
1232,Tablighi Jamaat </s>
3379,Hindus </s>
1667,Tablighi Jamaat </s>
2674,Farmers </s>
4452,Muslims </s>
590,Tablighi Jamaat </s>
950,Tablighi Jamaat </s>
446,Tablighi Jamaat </s>
4420,China </s>
2729,Farmers </s>
1033,Media </s>
1030,Muslims </s>
453,Tablighi Jamaat </s>
2160,Modi </s>
1107,Pakistan </s>
2921,Farmers </s>
2488,Farmers </s>
1729,AmishDevgan </s>
15,Rahul Gandhi </s>
2788,Farmers </s>
3183,Government </s>
1452,Tablighi Jamaat </s>
2217,Tablighi Jamaat </s>
4309,China </s>
1028,Media </s>
361,Government </s>
1486,Tablighi Jamaat </s>
4224,China </s>
3886,China </s>
2793,Farmers </s>
1819,Muslims </s>
3695,China </s>
4005,China </s>
2068,Muslims </s>
569,Tablighi Jamaat </s>
2890,Farmers </s>
3623,China </s>
2881,Punjabis </s>
945,ZeeNews </s>
4429,BJP </s>
2773,Farmers </s>
3155,Peaceful </s>
491,Tablighi Jamaat </s>
3510,Muslims </s>
2537,Farmers </s>
1261,Tablighi Jamaat </s>
3257,Tablighi Jamaat </s>
1537,Tablighi Jamaat </s>
3790,CCP </s>
1159,Modi </s>
3086,Muslims </s>
4485,Zionists </s>
507,Tablighi Jamaat </s>
394,PTI_News </s>
1095,Tablighi Jamaat </s>
2975,Pathaan </s>
1376,Tablighi Jamaat </s>
3009,Bollywood </s>
1768,Tablighi Jamaat </s>
4270,CCP </s>
2923,Farmers </s>
1698,Vendors </s>
4423,Swara Bhaskar </s>
3866,CCP </s>
3941,China </s>
4250,China </s>
3149,Followers </s>
2820,Farmers </s>
434,Tablighi Jamaat </s>
2604,Muslims </s>
1581,INCIndia </s>
2343,Government </s>
1505,Hindus </s>
1840,Tablighi Jamaat </s>
4405,CCP </s>
4138,CCP </s>
1000,Ravish Kumar </s>
4064,CCP </s>
3687,China </s>
2771,Farmers </s>
2147,BJP </s>
1053,Muslims </s>
2958,Supporters </s>
1718,Jamaat </s>
157,Tablighi Jamaat </s>
2459,Shaheenbagh </s>
4502,Muslims </s>
3504,Media </s>
644,Jamaat </s>
3318,Modi </s>
2182,Muslims </s>
2531,Farmers </s>
3703,CCP </s>
1651,Tablighi Jamaat </s>
995,"Modi, Shah </s>"
3584,Army of Bangladesh </s>
1282,Amish Devgan </s>
331,Gatherers </s>
2222,Tablighi Jamaat </s>
1565,Congress </s>
4035,CCP </s>
3658,China </s>
228,Tablighi Jamaat </s>
1877,BabitaPhogat </s>
4456,Sectarian </s>
4018,China </s>
1361,Tablighi Jamaat </s>
1114,Gujarat Government </s>
4063,China </s>
4189,China </s>
1205,Tablighi Jamaat </s>
3935,China </s>
756,BJP </s>
519,Tablighi Jamaat </s>
3133,Muslims </s>
33,Rahul </s>
2426,Tablighi Jamaat </s>
1489,Tablighi Jamaat </s>
2438,Tablighi Jamaat </s>
2845,Farmers </s>
2684,Muslims </s>
1187,Tablighi Jamaat </s>
1019,Tablighi Jamaat </s>
745,Tablighi Jamaat </s>
734,Government </s>
1035,Tablighi Jamaat </s>
4113,China </s>
3755,China </s>
2742,Farmers </s>
2851,Farmers </s>
795,Tablighi Jamaat </s>
1002,Tablighi Jamaat </s>
1339,Jamaat </s>
2097,Tablighi </s>
1456,Religious group </s>
2804,Farmers </s>
784,Opposition </s>
3634,China </s>
4323,China </s>
4161,China </s>
4495,Pakistan </s>
230,Tablighi Jamaat </s>
858,Alok Ajay </s>
2501,Nehru </s>
2089,Doctors </s>
1895,VVIPs </s>
409,Tablighi Jamaat </s>
171,Tablighi Jamaat </s>
541,Tablighi Jamaat </s>
2196,Tablighi Jamaat </s>
1685,Tablighi Jamaat </s>
4179,China </s>
2927,Farmers </s>
2657,Government </s>
1480,BJP </s>
1069,People </s>
1733,Tablighi Jamaat </s>
2837,Farmers </s>
2003,Tablighi Jamaat </s>
1974,Maulana Saad </s>
3401,Islamists </s>
3976,China </s>
4340,China </s>
3938,China </s>
3084,Subhash Chandra </s>
677,SureshChavhanke </s>
912,Tablighi Jamaat </s>
2079,Gatherings </s>
3969,China </s>
1045,The text </s>
3860,Government </s>
44,TajinderBagga </s>
565,Tablighi Jamaat </s>
